{"gcc": {"mips": [[36.20488, "bdb317a7"], [38.47762, "7f91c194"]], "best_mips": 38.47762, "best_hash": "7f91c194", "regressed_hash": null}, "llvm": {"mips": [[21.68262, "bdb317a7"], [21.83424, "7f91c194"]], "best_mips": 21.83424, "best_hash": "7f91c194", "regressed_hash": null}, "tcc": {"mips": [[26.77086, "bdb317a7"], [29.81418, "7f91c194"]], "best_mips": 29.81418, "best_hash": "7f91c194", "regressed_hash": null}}